SALE TYPE,SOLD DATE,PROPERTY TYPE,ADDRESS,CITY,STATE OR PROVINCE,ZIP OR POSTAL CODE,PRICE,BEDS,BATHS,LOCATION,SQUARE FEET,LOT SIZE,YEAR BUILT,DAYS ON MARKET,$/SQUARE FEET,HOA/MONTH,STATUS,NEXT OPEN HOUSE START TIME,NEXT OPEN HOUSE END TIME,URL (SEE https://www.redfin.com/buy-a-home/comparative-market-analysis FOR INFO ON PRICING),SOURCE,MLS#,FAVORITE,INTERESTED,LATITUDE,LONGITUDE
"In accordance with local MLS rules, some MLS listings are not included in the download"
MLS Listing,,Vacant Land,8a Hickory Dr,Greenwich,CT,06831,950000,,,Pemberwick,,40075,,45,,,Active,,,https://www.redfin.com/CT/Greenwich/8-Hickory-Dr-06831/home/107027698,Smart MLS,24034654,N,Y,41.0193706,-73.6600824
MLS Listing,,Multi-Family (2-4 Unit),1 Green Ln,Greenwich,CT,06831,999999,6,2.0,3 - Greenwich,2178,9147,1969,1,459,,Active,,,https://www.redfin.com/CT/Greenwich/1-Green-Ln-06831/home/107026413,GMLS,121362,N,Y,41.0194302,-73.6541498
MLS Listing,,Single Family Residential,403 Stanwich Rd,Greenwich,CT,06830,1000000,3,2.5,3 - Greenwich,2512,53578,1964,1,398,,Active,,,https://www.redfin.com/CT/Greenwich/403-Stanwich-Rd-06830/home/107028907,GMLS,121360,N,Y,41.0919116,-73.5994841
MLS Listing,,Single Family Residential,6 Miltiades Ave,Riverside,CT,06878,2375000,5,3.5,1 - Riverside,2508,7840,1936,1,947,,Pre On-Market,,,https://www.redfin.com/CT/Riverside/6-Miltiades-Ave-06878/home/107026575,GMLS,121357,N,Y,41.0305701,-73.5893865
MLS Listing,,Single Family Residential,127 Stanwich Rd,Greenwich,CT,06830,4850000,5,7.0,Greenwich,6981,,2005,1,695,,Active,,,https://www.redfin.com/CT/Greenwich/127-Stanwich-Rd-06830/home/107016387,OneKey® MLS as Distributed by MLS Grid,H6326202,N,Y,41.0541594,-73.6064993
MLS Listing,,Single Family Residential,424 Taconic Rd,Greenwich,CT,06831,2595000,5,5.0,16 - Out of Town,5048,95832,1956,1,514,,Active,,,https://www.redfin.com/CT/STAMFORD/424-TACONIC-RD-06904/home/107113067,GMLS,121312,N,Y,41.1398,-73.629436
MLS Listing,,Condo/Co-op,59 Le Grande Ave Apt 15,Greenwich,CT,06830,1699000,3,3.5,Greenwich,3032,,2003,1,560,972,Active,,,https://www.redfin.com/CT/Greenwich/59-Le-Grande-Ave-06830/unit-15/home/107031195,Smart MLS,24043999,N,Y,41.0278926,-73.6182596
MLS Listing,,Single Family Residential,10 Cliffdale Rd,Greenwich,CT,06831,35000000,8,8.0,3 - Greenwich,9300,2874960,1939,1,3763,,Active,,,https://www.redfin.com/CT/Greenwich/10-Cliffdale-Rd-06831/home/107019213,GMLS,121348,N,Y,41.075786,-73.685406
MLS Listing,,Condo/Co-op,78 River Rd #9,Cos Cob,CT,06807,1299000,3,2.5,4 - Cos Cob,2210,,1986,1,588,63,Active,September-8-2024 01:00 PM,September-8-2024 04:00 PM,https://www.redfin.com/CT/Cos-Cob/78-River-Rd-06807/unit-9/home/107012423,GMLS,121347,N,Y,41.0401461,-73.593049
MLS Listing,,Single Family Residential,9 Swan Ter,Greenwich,CT,06830,1895000,4,2.5,3 - Greenwich,2004,17859,1956,1,946,,Active,September-7-2024 01:00 PM,September-7-2024 03:00 PM,https://www.redfin.com/CT/Greenwich/9-Swan-Ter-06830/home/107018828,GMLS,121346,N,Y,41.0322599,-73.616251
MLS Listing,,Condo/Co-op,523 W Lyon Farm Dr,Greenwich,CT,06831,1675000,3,2.5,3 - Greenwich,2200,,1977,1,761,29,Active,,,https://www.redfin.com/CT/Greenwich/523-W-Lyon-Farm-Dr-06831/home/107023982,GMLS,121319,N,Y,41.0255,-73.6549113
MLS Listing,,Single Family Residential,500 Valley Rd,Cos Cob,CT,06807,3295000,4,3.5,4 - Cos Cob,5356,49222,2004,1,615,,Active,September-7-2024 01:00 PM,September-7-2024 03:00 PM,https://www.redfin.com/CT/Cos-Cob/500-Valley-Rd-06807/home/107023259,GMLS,121324,N,Y,41.070721,-73.5783879
MLS Listing,,Single Family Residential,14 Lincoln Ave,Greenwich,CT,06830,2900000,5,5.0,3 - Greenwich,,,1904,2,,,Active,September-8-2024 10:00 AM,September-8-2024 12:00 PM,https://www.redfin.com/CT/Greenwich/14-Lincoln-Ave-06830/home/107027458,GMLS,121341,N,Y,41.0300885,-73.6234726
MLS Listing,,Condo/Co-op,523 W Lyon Farm Dr #523,Greenwich,CT,06831,1675000,3,2.5,Glenville,2200,,1977,2,761,1563,Active,,,https://www.redfin.com/CT/Greenwich/523-W-Lyon-Farm-Dr-06831/unit-523/home/146893208,Smart MLS,24043850,N,Y,41.025499,-73.6549113
MLS Listing,,Single Family Residential,219 Overlook Dr,Greenwich,CT,06830,4995000,5,5.0,Greenwich,5498,29185,1929,2,909,333,Active,September-7-2024 01:00 PM,September-7-2024 03:00 PM,https://www.redfin.com/CT/Greenwich/219-Overlook-Dr-06830/home/107014590,Smart MLS,24041032,N,Y,41.0296091,-73.6156991
MLS Listing,,Single Family Residential,373 Taconic Rd,Greenwich,CT,06831,7100000,7,9.5,3 - Greenwich,12232,186436,2005,2,580,,Active,,,https://www.redfin.com/CT/Greenwich/373-Taconic-Rd-06831/home/107022634,GMLS,121339,N,Y,41.1312116,-73.6246915
MLS Listing,,Single Family Residential,31 N Baldwin Farms,Greenwich,CT,06831,10900000,6,7.5,3 - Greenwich,13039,107157,2021,2,836,,Active,,,https://www.redfin.com/CT/Greenwich/31-Baldwin-Farms-N-06831/home/107022022,GMLS,121338,N,Y,41.0821516,-73.6593695
MLS Listing,,Single Family Residential,49 Indian Mill Rd,Cos Cob,CT,06807,4695000,5,5.5,4 - Cos Cob,7500,93654,2022,2,626,,Active,,,https://www.redfin.com/CT/Cos-Cob/49-Indian-Mill-Rd-06807/home/107018110,GMLS,121337,N,Y,41.0777093,-73.5876384
MLS Listing,,Single Family Residential,27 Harding Rd,Old Greenwich,CT,06870,2990000,5,4.5,2 - Old Greenwich,3802,7840,2024,2,786,,Active,,,https://www.redfin.com/CT/Old-Greenwich/27-Harding-Rd-06870/home/107018504,GMLS,121336,N,Y,41.037803,-73.5669354
MLS Listing,,Single Family Residential,247 Riverside Ave,Riverside,CT,06878,6650000,6,7.5,1 - Riverside,9485,19602,2008,2,701,,Active,September-7-2024 02:00 PM,September-7-2024 04:00 PM,https://www.redfin.com/CT/Riverside/247-Riverside-Ave-06878/home/107019664,GMLS,121332,N,Y,41.0291476,-73.581232
MLS Listing,,Condo/Co-op,351 Pemberwick Rd #505,Greenwich,CT,06831,899000,2,2.5,Glenville,1540,,1990,2,584,587,Active,September-8-2024 12:00 PM,September-8-2024 02:00 PM,https://www.redfin.com/CT/Greenwich/351-Pemberwick-Rd-06831/unit-505/home/107013456,Smart MLS,24042604,N,Y,41.0363019,-73.66487
MLS Listing,,Single Family Residential,63 Byram Shore Rd,Greenwich,CT,06830,3695000,3,4.5,Byram,3975,21344,1978,3,930,,Active,September-8-2024 02:30 PM,September-8-2024 04:00 PM,https://www.redfin.com/CT/Greenwich/63-Byram-Shore-Rd-06830/home/107030587,Smart MLS,24042504,N,Y,40.9996251,-73.6495278
MLS Listing,,Condo/Co-op,147 Holly Hill Ln #2,Greenwich,CT,06830,1325000,2,2.5,3 - Greenwich,1611,,2005,3,822,56,Active,September-8-2024 01:00 PM,September-8-2024 03:00 PM,https://www.redfin.com/CT/Greenwich/147-Holly-Hill-Ln-06830/unit-2/home/107031960,GMLS,121326,N,Y,41.0186349,-73.6434649
MLS Listing,,Single Family Residential,2 Mill Pond Ct,Cos Cob,CT,06807,1395000,3,3.0,4 - Cos Cob,1976,6098,1976,3,706,,Active,September-8-2024 01:00 PM,September-8-2024 03:00 PM,https://www.redfin.com/CT/Cos-Cob/2-Mill-Pond-Ct-06807/home/107023663,GMLS,121323,N,Y,41.0362749,-73.5990471
MLS Listing,,Condo/Co-op,627 W Lyon Farm Dr,Greenwich,CT,06831,1575000,3,2.5,3 - Greenwich,2850,,1977,3,553,184,Active,September-8-2024 12:00 PM,September-8-2024 02:00 PM,https://www.redfin.com/CT/Greenwich/627-W-Lyon-Farm-Dr-06831/home/107021720,GMLS,121320,N,Y,41.0258291,-73.6542913
MLS Listing,,Single Family Residential,88 Buckfield Ln,Greenwich,CT,06831,3250000,4,3.0,3 - Greenwich,4158,90604,1981,3,782,,Active,,,https://www.redfin.com/CT/Greenwich/88-Buckfield-Ln-06831/home/107013874,GMLS,121315,N,Y,41.1142988,-73.6739703
MLS Listing,,Single Family Residential,8 Dempsey Ln,Greenwich,CT,06830,8995000,6,7.5,3 - Greenwich,10749,91476,2004,3,837,,Active,,,https://www.redfin.com/CT/Greenwich/8-Dempsey-Ln-06830/home/107012551,GMLS,121314,N,Y,41.0787004,-73.6256114
MLS Listing,,Condo/Co-op,172 Field Point Rd Apt 9,Greenwich,CT,06830,1199999,2,2.5,Greenwich,2352,,1986,4,510,839,Active,September-7-2024 12:00 PM,September-7-2024 02:00 PM,https://www.redfin.com/CT/Greenwich/172-Field-Point-Rd-06830/unit-9/home/107020497,Smart MLS,24041260,N,Y,41.0229495,-73.6313491
MLS Listing,,Condo/Co-op,,Greenwich,CT,06831,1575000,3,2.5,,4291,,1977,4,367,738,Active,,,https://www.redfin.com/CT/Greenwich/Undisclosed-address-06831/home/146893060,Smart MLS,24042040,N,Y,41.0258291,-73.6542913
MLS Listing,,Single Family Residential,68 Rock Maple Rd,Greenwich,CT,06830,6495000,5,8.0,3 - Greenwich,8769,178160,1996,4,741,83,Active,,,https://www.redfin.com/CT/Greenwich/68-Rock-Maple-Rd-06830/home/107011682,GMLS,121303,N,Y,41.0918196,-73.597276
MLS Listing,,Single Family Residential,8 Byfield Ln,Greenwich,CT,06830,5395000,5,7.0,3 - Greenwich,9362,87120,2000,7,576,,Active,,,https://www.redfin.com/CT/Greenwich/8-Byfield-Ln-06830/home/107023640,GMLS,121318,N,Y,41.0839011,-73.6218397
MLS Listing,,Multi-Family (2-4 Unit),74 Alexander St,Greenwich,CT,06830,1050000,6,3.0,Chickahominy,4071,12632,1930,8,258,,Active,,,https://www.redfin.com/CT/Greenwich/74-Alexander-St-06830/home/107025709,Smart MLS,24042811,N,Y,41.0152086,-73.6427901
MLS Listing,,Condo/Co-op,51 Forest Ave #81,Old Greenwich,CT,06870,775000,1,2.0,2 - Old Greenwich,1015,,1992,8,764,,Active,,,https://www.redfin.com/CT/Old-Greenwich/51-Forest-Ave-06870/unit-81/home/107014104,GMLS,121289,N,Y,41.0347771,-73.5652561
MLS Listing,,Condo/Co-op,20 Church St Unit B22,Greenwich,CT,06830,815000,2,2.0,Town & Country,1318,,1945,9,618,821,Active,,,https://www.redfin.com/CT/Greenwich/20-Church-St-06830/unit-B22/home/107011817,OneKey® MLS as Distributed by MLS Grid,H6325254,N,Y,41.0329825,-73.6265666
MLS Listing,,Vacant Land,0000 Pleasant View Pl,Old Greenwich,CT,06870,575000,,,2 - Old Greenwich,,26136,,9,,,Active,,,https://www.redfin.com/CT/Old-Greenwich/0-Pleasant-View-Pl-06870/home/192270765,GMLS,121298,N,Y,41.0539104,-73.5724799
MLS Listing,,Single Family Residential,12 Woodside Rd,Greenwich,CT,06830,9495000,6,7.0,3 - Greenwich,7072,87991,1938,9,1343,319,Active,,,https://www.redfin.com/CT/Greenwich/12-Woodside-Rd-06830/home/107015479,GMLS,121297,N,Y,41.0424493,-73.6331546
MLS Listing,,Single Family Residential,25 Mary Ln,Call Listing Agent,CT,06878,1997500,4,2.0,Call Listing Agent,1846,,1957,10,1082,,Active,,,https://www.redfin.com/CT/Riverside/25-Mary-Ln-06878/home/107016636,OneKey® MLS as Distributed by MLS Grid,H6325095,N,Y,41.0464151,-73.576275
MLS Listing,,Multi-Family (2-4 Unit),129 N Water St,Greenwich,CT,06830,1175000,3,2.0,3 - Greenwich,3953,5227,1900,10,297,,Active,,,https://www.redfin.com/CT/Greenwich/129-N-Water-St-06830/home/107025098,GMLS,121292,N,Y,41.007856,-73.6554127
MLS Listing,,Single Family Residential,23 Hickory Dr,Greenwich,CT,06831,785000,3,2.0,3 - Greenwich,1318,14810,1956,11,596,,Active,,,https://www.redfin.com/CT/Greenwich/23-Hickory-Dr-06831/home/107017989,GMLS,121278,N,Y,41.0223873,-73.6607722
MLS Listing,,Condo/Co-op,37 Edgewood Ave Unit A,Greenwich,CT,06830,900000,3,1.5,Greenwich,1550,,1979,11,581,,Active,,,https://www.redfin.com/CT/Greenwich/37-Edgewood-Ave-06830/unit-A/home/107021852,Smart MLS,24040081,N,Y,41.0223635,-73.6363161
MLS Listing,,Condo/Co-op,37 Edgewood Ave Unit B,Greenwich,CT,06830,900000,3,1.5,Greenwich,1550,,1979,11,581,,Active,,,https://www.redfin.com/CT/Greenwich/37-Edgewood-Ave-06830/unit-B/home/107012898,Smart MLS,24040105,N,Y,41.0223635,-73.6363161
MLS Listing,,Single Family Residential,27 Connecticut Ave,Greenwich,CT,06830,2150000,5,3.0,3 - Greenwich,2529,6098,1910,14,850,,Active,,,https://www.redfin.com/CT/Greenwich/27-Connecticut-Ave-06830/home/107018137,GMLS,121238,N,Y,41.0302069,-73.6200688
MLS Listing,,Single Family Residential,188 Bedford Rd,Greenwich,CT,06831,2875000,5,3.5,Greenwich,5054,174240,1979,15,569,,Active,,,https://www.redfin.com/CT/Greenwich/188-Bedford-Rd-06831/home/107024040,Smart MLS,24041619,N,Y,41.105807,-73.702915
MLS Listing,,Condo/Co-op,351 Pemberwick Rd Apt 206,Greenwich,CT,06831,444500,1,1.0,Pemberwick,673,,1990,15,660,275,Active,September-8-2024 12:00 PM,September-8-2024 02:00 PM,https://www.redfin.com/CT/Greenwich/351-Pemberwick-Rd-06831/unit-206/home/107013805,Smart MLS,24034535,N,Y,41.0363019,-73.66487
MLS Listing,,Single Family Residential,26 Shady Ln,Greenwich,CT,06831,3200000,9,5.5,Glenville,7437,48351,1900,16,430,,Active,September-8-2024 12:00 PM,September-8-2024 03:00 PM,https://www.redfin.com/CT/Greenwich/26-Shady-Ln-06831/home/107031280,Smart MLS,24041388,N,Y,41.0360321,-73.6713207
MLS Listing,,Vacant Land,9 Brook Dr,Greenwich,CT,06830,2500000,2,1.5,3 - Greenwich,2152,30927,1974,16,1162,,Active,,,https://www.redfin.com/CT/Greenwich/9-Brook-Dr-06830/home/107017420,GMLS,121262,N,Y,41.0175744,-73.6305559
MLS Listing,,Single Family Residential,38 Quaker Ln,Greenwich,CT,06831,15000000,5,5.5,3 - Greenwich,6595,483951,1955,17,2274,,Active,,,https://www.redfin.com/CT/Greenwich/38-Quaker-Ln-06831/home/107013385,GMLS,121254,N,Y,41.0854079,-73.6945015
MLS Listing,,Single Family Residential,58 Quaker Ln,Greenwich,CT,06831,20000000,5,6.0,3 - Greenwich,,217800,2004,17,,,Active,September-7-2024 01:00 PM,September-7-2024 04:00 PM,https://www.redfin.com/CT/Greenwich/58-Quaker-Ln-06831/home/107017694,GMLS,121253,N,Y,41.0845929,-73.6957078
MLS Listing,,Single Family Residential,15 Pleasant View Pl,Old Greenwich,CT,06870,1850000,4,3.0,2 - Old Greenwich,2412,22215,1956,17,767,,Active,,,https://www.redfin.com/CT/Old-Greenwich/15-Pleasant-View-Pl-06870/home/107020515,GMLS,121252,N,Y,41.0527879,-73.5736986
MLS Listing,,Single Family Residential,44 Gerry St,Greenwich,CT,06830,975000,3,2.0,Greenwich,2268,,1958,17,430,,Active,,,https://www.redfin.com/CT/Greenwich/44-Gerry-St-06830/home/107024543,OneKey® MLS as Distributed by MLS Grid,H6317270,N,Y,41.0160764,-73.6426562
MLS Listing,,Single Family Residential,303 Bruce Park Ave,Greenwich,CT,06830,925000,3,2.0,3 - Greenwich,1480,5662,1880,18,625,,Active,September-8-2024 11:00 AM,September-8-2024 01:00 PM,https://www.redfin.com/CT/Greenwich/303-Bruce-Park-Ave-06830/home/107025499,GMLS,120304,N,Y,41.0238681,-73.616849
MLS Listing,,Vacant Land,,Greenwich,CT,06830,995000,,,,,18295,,18,,,Active,,,https://www.redfin.com/CT/Greenwich/Undisclosed-address-06830/home/107027809,Smart MLS,24040730,N,Y,40.9999083,-73.6524022
MLS Listing,,Single Family Residential,35 Park Ave,Old Greenwich,CT,06870,3950000,6,3.5,2 - Old Greenwich,3074,19166,1946,20,1285,,Active,,,https://www.redfin.com/CT/Old-Greenwich/35-Park-Ave-06870/home/107015566,GMLS,121204,N,Y,41.0290678,-73.5660842
MLS Listing,,Single Family Residential,16 Morgan Ave,Greenwich,CT,06831,1199000,3,2.0,Pemberwick,2680,7405,1932,20,447,,Active,,,https://www.redfin.com/CT/Greenwich/16-Morgan-Ave-06831/home/107023939,Smart MLS,24039913,N,Y,41.0258827,-73.661324
MLS Listing,,Condo/Co-op,54 Valley Dr Unit B,Call Listing Agent,CT,06807,1635000,3,4.0,Non Applicable,3635,13068,2005,21,450,760,Active,,,https://www.redfin.com/CT/Cos-Cob/54-Valley-DR-06807/unit-B/home/192105737,OneKey® MLS as Distributed by MLS Grid,H6323497,N,Y,41.0676332,-73.5888575
MLS Listing,,Multi-Family (2-4 Unit),42 Gerry St,Greenwich,CT,06830,865000,5,2.0,Pemberwick,1727,5662,1924,21,501,,Active,,,https://www.redfin.com/CT/Greenwich/42-Gerry-St-06830/home/107011755,Smart MLS,24040213,N,Y,41.0164508,-73.6425629
MLS Listing,,Single Family Residential,282 Round Hill Rd,Greenwich,CT,06831,5595000,5,4.0,3 - Greenwich,5412,109771,1974,22,1034,,Active,,,https://www.redfin.com/CT/Greenwich/282-Round-Hill-Rd-06831/home/107014556,GMLS,121230,N,Y,41.07975,-73.6640833
MLS Listing,,Single Family Residential,58 Connecticut Ave,Greenwich,CT,06830,4199000,5,4.5,3 - Greenwich,3200,6098,2007,22,1312,,Active,,,https://www.redfin.com/CT/Greenwich/58-Connecticut-Ave-06830/home/107030800,GMLS,121205,N,Y,41.029754,-73.6207749
MLS Listing,,Single Family Residential,297 Cognewaugh Rd,Cos Cob,CT,06807,2425000,4,3.0,4 - Cos Cob,3284,94089,1973,23,738,,Active,,,https://www.redfin.com/CT/Cos-Cob/297-Cognewaugh-Rd-06807/home/107020767,GMLS,121194,N,Y,41.0727934,-73.5880984
MLS Listing,,Single Family Residential,24 Bedford Rd,Greenwich,CT,06831,1995000,4,3.5,3 - Greenwich,4208,109771,1997,25,474,,Active,,,https://www.redfin.com/CT/Greenwich/24-Bedford-Rd-06831/home/107011314,GMLS,121214,N,Y,41.0843112,-73.7107804
MLS Listing,,Single Family Residential,145 Doubling Rd,Greenwich,CT,06830,4250000,4,5.0,3 - Greenwich,6357,43560,1989,28,669,,Active,,,https://www.redfin.com/CT/Greenwich/145-Doubling-Rd-06830/home/107027193,GMLS,121207,N,Y,41.0752313,-73.6108692
MLS Listing,,Single Family Residential,851 Lake Ave,Greenwich,CT,06831,6795000,6,6.0,Back Country,8018,174240,2003,28,847,,Active,,,https://www.redfin.com/CT/Greenwich/851-Lake-Ave-06831/home/107019844,Smart MLS,24038844,N,Y,41.099116,-73.6489759
MLS Listing,,Single Family Residential,14 Meadow Dr,Greenwich,CT,06831,9750000,10,7.5,Greenwich,9483,139392,1909,28,1028,333,Active,,,https://www.redfin.com/CT/Greenwich/14-Meadow-Dr-06831/home/107021810,Smart MLS,24037728,N,Y,41.0323867,-73.637294
MLS Listing,,Single Family Residential,69 Taconic Rd,Greenwich,CT,06831,4750000,6,6.5,Greenwich,7189,,1987,29,661,,Active,September-8-2024 01:00 PM,September-8-2024 04:00 PM,https://www.redfin.com/CT/Greenwich/69-Taconic-Rd-06831/home/107024273,OneKey® MLS as Distributed by MLS Grid,H6321575,N,Y,41.0910386,-73.6250594
MLS Listing,,Single Family Residential,127 Henry St,Greenwich,CT,06830,549000,2,1.0,Byram,768,3049,1900,29,715,,Active,September-7-2024 11:00 AM,September-7-2024 01:00 PM,https://www.redfin.com/CT/Greenwich/127-Henry-St-06830/home/107020002,Smart MLS,24037835,N,Y,41.0077333,-73.6546836
MLS Listing,,Multi-Family (2-4 Unit),69 Cos Cob Ave,Cos Cob,CT,06807,1100000,5,2.0,4 - Cos Cob,2130,8712,1921,29,516,,Active,,,https://www.redfin.com/CT/Cos-Cob/69-Cos-Cob-Ave-06807/home/107026319,GMLS,121175,N,Y,41.0459935,-73.5946769
MLS Listing,,Multi-Family (5+ Unit),4 Capalbo Pl,Greenwich,CT,06807,2999000,12,6.0,Cos Cob,5772,15245,1960,32,520,,Active,,,https://www.redfin.com/CT/Cos-Cob/4-Capalbo-Pl-06807/home/107030061,Smart MLS,24034626,N,Y,41.0474201,-73.593946
MLS Listing,,Multi-Family (2-4 Unit),37 Harold Ave,Greenwich,CT,06830,749000,3,2.0,Chickahominy,2031,5227,1899,32,369,,Active,,,https://www.redfin.com/CT/Greenwich/37-Harold-Ave-06830/home/107011930,Smart MLS,24004288,N,Y,41.0201771,-73.6415943
MLS Listing,,Single Family Residential,31 Grey Rock Dr,Greenwich,CT,06831,1498000,3,3.5,Glenville,3124,11761,1985,35,480,,Active,,,https://www.redfin.com/CT/Greenwich/31-Grey-Rock-Dr-06831/home/107025036,Smart MLS,24036590,N,Y,41.0338338,-73.6627037
MLS Listing,,Single Family Residential,29 Highview Ave,Greenwich,CT,06870,4295000,5,4.5,Old Greenwich,4418,10018,2009,36,972,,Active,,,https://www.redfin.com/CT/Old-Greenwich/29-Highview-Ave-06870/home/107020350,Smart MLS,24036939,N,Y,41.0299177,-73.564681
MLS Listing,,Single Family Residential,11 Sheephill Rd,Riverside,CT,06878,1395000,4,2.0,1 - Riverside,1856,17424,1949,36,752,,Active,,,https://www.redfin.com/CT/Riverside/11-Sheephill-Rd-06878/home/107024483,GMLS,121150,N,Y,41.0419296,-73.5828539
MLS Listing,,Single Family Residential,19 Mallard Dr,Greenwich,CT,06830,3795000,6,5.5,3 - Greenwich,4866,30492,1964,36,780,,Active,,,https://www.redfin.com/CT/Greenwich/19-Mallard-Dr-06830/home/107023500,GMLS,121134,N,Y,41.0363883,-73.6159762
MLS Listing,,Condo/Co-op,69 Riverdale Ave #502,Greenwich,CT,06831,1195000,2,3.0,3 - Greenwich,2124,,2012,37,563,,Active,September-8-2024 12:00 AM,September-8-2024 03:00 PM,https://www.redfin.com/CT/Greenwich/69-Riverdale-Ave-06831/unit-502/home/109665854,GMLS,121138,N,Y,41.0158538,-73.6566102
MLS Listing,,Single Family Residential,35-37 Andrews Farm Rd,Greenwich,CT,06831,14500000,7,10.0,Greenwich,12280,348480,1989,38,1181,63000,Active,,,https://www.redfin.com/CT/Greenwich/35-Andrews-Farm-Rd-06831/home/107024563,Smart MLS,24032024,N,Y,41.092934,-73.6238635
MLS Listing,,Single Family Residential,16 Pilgrim Dr,Greenwich,CT,06831,849000,4,2.0,Glenville,1802,9583,1940,39,471,,Active,,,https://www.redfin.com/CT/Greenwich/16-Pilgrim-Dr-06831/home/107021229,Smart MLS,24035967,N,Y,41.0211727,-73.6619219
MLS Listing,,Single Family Residential,220 Overlook Dr,Greenwich,CT,06830,5995000,6,6.5,3 - Greenwich,7500,16552,2010,39,799,37,Active,September-7-2024 01:00 PM,September-7-2024 03:00 PM,https://www.redfin.com/CT/Greenwich/220-Overlook-Dr-06830/home/107031786,GMLS,121124,N,Y,41.0289648,-73.616412
MLS Listing,,Single Family Residential,28 E Point Ln,Old Greenwich,CT,06870,12500000,4,4.0,2 - Old Greenwich,3381,21780,1959,39,3697,,Active,,,https://www.redfin.com/CT/Old-Greenwich/28-E-Point-Ln-06870/home/107026348,GMLS,121123,N,Y,41.0141575,-73.5643359
MLS Listing,,Vacant Land,2 Vista Dr,Greenwich,CT,06830,7995000,,,3 - Greenwich,,82764,,39,,,Active,,,https://www.redfin.com/CT/Greenwich/2-Vista-Dr-06830/home/107015290,GMLS,121122,N,Y,41.0151267,-73.6200174
MLS Listing,,Single Family Residential,20 Heronvue Rd,Greenwich,CT,06831,4500000,6,6.5,3 - Greenwich,8812,96703,2007,39,511,,Active,September-8-2024 01:00 PM,September-8-2024 04:00 PM,https://www.redfin.com/CT/Greenwich/20-Heronvue-Rd-06831/home/107019568,GMLS,121110,N,Y,41.0839443,-73.6970727
MLS Listing,,Single Family Residential,35 & 37 Rockview Dr,Greenwich,CT,06830,2200000,7,5.0,Greenwich,4944,16552,1904,42,445,,Active,,,https://www.redfin.com/CT/Greenwich/35-Rockview-Dr-06830/home/107024224,Smart MLS,24033738,N,Y,41.0341003,-73.6317977
MLS Listing,,Single Family Residential,6 Sandy Ln,Greenwich,CT,06831,2800000,5,6.5,Back Country,5032,174240,1979,43,556,,Active,,,https://www.redfin.com/CT/Greenwich/6-Sandy-Ln-06831/home/107012787,Smart MLS,24032717,N,Y,41.0809568,-73.668567
MLS Listing,,Single Family Residential,88 Indian Field Rd,Greenwich,CT,06830,1575000,3,3.0,Greenwich,2175,,1953,43,724,,Active,,,https://www.redfin.com/CT/Greenwich/88-Indian-Field-Rd-06830/home/107020164,OneKey® MLS as Distributed by MLS Grid,H6320177,N,Y,41.0290261,-73.6059012
MLS Listing,,Single Family Residential,47 Grey Rock Dr,Greenwich,CT,06831,799000,2,1.5,3 - Greenwich,1206,14374,1940,43,663,,Active,,,https://www.redfin.com/CT/Greenwich/47-Grey-Rock-Dr-06831/home/107028223,GMLS,121106,N,Y,41.0326444,-73.6627037
MLS Listing,,Single Family Residential,7 Heusted Dr,Old Greenwich,CT,06870,2950000,3,3.5,2 - Old Greenwich,4348,4791,2008,43,678,,Active,September-7-2024 02:00 PM,September-7-2024 04:00 PM,https://www.redfin.com/CT/Old-Greenwich/7-Heusted-Dr-06870/home/107012338,GMLS,121067,N,Y,41.0276631,-73.5713062
MLS Listing,,Single Family Residential,26 Tomac Ave,Old Greenwich,CT,06870,4375000,4,5.5,2 - Old Greenwich,3757,20908,2006,43,1164,,Active,,,https://www.redfin.com/CT/Old-Greenwich/26-Tomac-Ave-06870/home/107019605,GMLS,121079,N,Y,41.0269831,-73.5593065
MLS Listing,,Single Family Residential,351 North St,Greenwich,CT,06830,10750000,4,7.5,3 - Greenwich,8600,44431,2024,43,1250,,Active,,,https://www.redfin.com/CT/Greenwich/351-North-St-06830/home/107025833,GMLS,121050,N,Y,41.0546309,-73.61724
MLS Listing,,Single Family Residential,28 Sound Beach Ave,Old Greenwich,CT,06870,1595000,4,2.0,2 - Old Greenwich,1680,7840,1940,44,949,,Active,,,https://www.redfin.com/CT/Old-Greenwich/28-Sound-Beach-Ave-06870/home/107025185,GMLS,121096,N,Y,41.0410727,-73.573294
MLS Listing,,Single Family Residential,1A River Ln,Cos Cob,CT,06807,1400000,3,2.0,4 - Cos Cob,2012,7405,1966,44,696,,Active,,,https://www.redfin.com/CT/Cos-Cob/1A-River-Ln-06807/home/191785193,GMLS,121088,N,Y,41.0384568,-73.5940104
MLS Listing,,Single Family Residential,295 Taconic Rd,Greenwich,CT,06831,2750000,8,3.0,3 - Greenwich,3454,226512,1792,44,796,,Active,September-15-2024 01:00 PM,September-15-2024 03:00 PM,https://www.redfin.com/CT/Greenwich/295-Taconic-Rd-06831/home/107015946,GMLS,121086,N,Y,41.1198612,-73.6194709
MLS Listing,,Vacant Land,31 Arther St,Greenwich,CT,06831,595000,,,3 - Greenwich,,4791,,45,,,Active,,,https://www.redfin.com/CT/Greenwich/31-Arther-St-06831/home/107012450,GMLS,121071,N,Y,41.020926,-73.650791
MLS Listing,,Condo/Co-op,500 River Rd Apt 15,Greenwich,CT,06807,1579000,3,2.5,North Mianus,2388,,1984,46,661,400,Active,,,https://www.redfin.com/CT/Cos-Cob/500-River-Rd-06807/unit-15/home/107030574,Smart MLS,24034274,N,Y,41.0581408,-73.5792424
MLS Listing,,Condo/Co-op,33 Lafayette Ct Unit 2G,Greenwich,CT,06830,1295000,2,2.0,3 - Greenwich,1291,,1993,47,1003,47,Active,,,https://www.redfin.com/CT/Greenwich/33-Lafayette-Ct-06830/unit-2G/home/107021458,GMLS,121061,N,Y,41.030856,-73.628244
MLS Listing,,Single Family Residential,66 Laddins Rock Rd,Old Greenwich,CT,06870,879000,4,2.0,2 - Old Greenwich,1666,6534,1955,49,528,,Active,,,https://www.redfin.com/CT/Old-Greenwich/66-Laddins-Rock-Rd-06870/home/107030881,GMLS,121056,N,Y,41.0427965,-73.5683443
MLS Listing,,Single Family Residential,0 Rich Is,Greenwich,CT,06830,7495000,6,4.0,Greenwich,2833,21780,1909,50,2646,,Active,,,https://www.redfin.com/CT/Greenwich/Rich-IS-06830/home/191439512,OneKey® MLS as Distributed by MLS Grid,H6318949,N,Y,41.00325,-73.644031
MLS Listing,,Single Family Residential,26 Valleywood Rd,Greenwich,CT,06807,1795000,4,2.0,Cos Cob,2439,9583,1928,52,736,,Active,,,https://www.redfin.com/CT/Cos-Cob/26-Valleywood-Rd-06807/home/107016622,Smart MLS,24033063,N,Y,41.0389174,-73.6036242
MLS Listing,,Condo/Co-op,51 Forest Ave #56,Old Greenwich,CT,06870,921000,2,2.0,2 - Old Greenwich,1015,,1991,52,907,,Active,,,https://www.redfin.com/CT/Old-Greenwich/51-Forest-Ave-06870/unit-56/home/107025987,GMLS,120989,N,Y,41.0347771,-73.5652561
MLS Listing,,Single Family Residential,7 Tait Rd,Old Greenwich,CT,06870,1299000,4,2.5,2 - Old Greenwich,1831,6534,1900,52,709,,Active,,,https://www.redfin.com/CT/Old-Greenwich/7-Tait-Rd-06870/home/107021000,GMLS,121031,N,Y,41.0247993,-73.5587917
MLS Listing,,Condo/Co-op,25 Woodland Dr Unit C,Greenwich,CT,06830,2995000,3,3.5,3 - Greenwich,3163,,2019,53,947,,Active,,,https://www.redfin.com/CT/Greenwich/25-Woodland-Dr-06830/unit-C/home/146894086,GMLS,121023,N,Y,41.0219142,-73.6292531
MLS Listing,,Vacant Land,2 Stillman Ln,Greenwich,CT,06830,2400000,,,3 - Greenwich,,52272,,53,,,Active,,,https://www.redfin.com/CT/Greenwich/2-Stillman-Ln-06831/home/109667198,GMLS,121021,N,Y,41.036663,-73.650449
MLS Listing,,Single Family Residential,7 Upland Dr,Greenwich,CT,06831,4500000,5,4.5,Glenville,6042,92782,1932,55,745,,Active,,,https://www.redfin.com/CT/Greenwich/7-Upland-Dr-06831/home/107018058,Smart MLS,24032117,N,Y,41.0242103,-73.6442618
MLS Listing,,Single Family Residential,551 River Rd,Cos Cob,CT,06807,2487000,5,3.5,4 - Cos Cob,3099,9583,2014,56,803,,Active,,,https://www.redfin.com/CT/Cos-Cob/551-River-Rd-06807/home/107012855,GMLS,121011,N,Y,41.0603918,-73.5790354
MLS Listing,,Single Family Residential,66 Lockwood Ln,Greenwich,CT,06878,2495000,5,4.5,Riverside,3262,10454,1970,56,765,,Active,,,https://www.redfin.com/CT/Riverside/66-Lockwood-Ln-06878/home/107013430,Smart MLS,24031237,N,Y,41.0360096,-73.5827619
MLS Listing,,Single Family Residential,37 Burying Hill Rd,Greenwich,CT,06831,22000000,7,8.5,3 - Greenwich,18000,393346,2009,56,1222,,Active,,,https://www.redfin.com/CT/Greenwich/37-Burying-Hill-Rd-06831/home/107030808,GMLS,121005,N,Y,41.1079272,-73.6605652
MLS Listing,,Single Family Residential,29 Pemberwick Rd,Greenwich,CT,06831,740000,3,2.5,Pemberwick,1564,6098,1863,57,473,,Active,September-7-2024 11:00 AM,September-7-2024 01:00 PM,https://www.redfin.com/CT/Greenwich/29-Pemberwick-Rd-06831/home/107017652,Smart MLS,24031335,N,Y,41.0161496,-73.6542476
MLS Listing,,Condo/Co-op,47 Lafayette Pl Unit 5H,Greenwich,CT,06830,875000,2,2.0,3 - Greenwich,1087,,1956,60,805,71,Active,September-7-2024 12:00 PM,September-7-2024 02:00 PM,https://www.redfin.com/CT/Greenwich/47-Lafayette-Pl-06830/unit-5H/home/107024652,GMLS,120960,N,Y,41.0332648,-73.6275322
MLS Listing,,Multi-Family (2-4 Unit),30 Chapel St,Greenwich,CT,06831,1490000,2,3.0,3 - Greenwich,2406,5227,1889,60,619,,Active,,,https://www.redfin.com/CT/Greenwich/30-Chapel-St-06831/home/107024986,GMLS,120955,N,Y,41.0167602,-73.6516204
MLS Listing,,Single Family Residential,248 Round Hill Rd,Greenwich,CT,06831,11900000,5,6.5,3 - Greenwich,9887,148539,1982,60,1204,,Active,,,https://www.redfin.com/CT/Greenwich/248-Round-Hill-Rd-06831/home/107012769,GMLS,120954,N,Y,41.0756878,-73.6597374
MLS Listing,,Single Family Residential,6 Benedict Pl,Greenwich,CT,06830,5000000,4,3.5,3 - Greenwich,3400,8712,1930,60,1471,,Active,,,https://www.redfin.com/CT/Greenwich/6-Benedict-Pl-06830/home/146894918,GMLS,120941,N,Y,41.0272266,-73.6280482
MLS Listing,,Single Family Residential,45 Sound Beach Ave,Greenwich,CT,06870,1650000,3,3.0,Old Greenwich,2105,6098,1948,65,784,,Active,,,https://www.redfin.com/CT/Old-Greenwich/45-Sound-Beach-Ave-06870/home/107015659,Smart MLS,24029817,N,Y,41.0399136,-73.5724425
MLS Listing,,Single Family Residential,100 Pecksland Rd,Greenwich,CT,06831,4095000,5,4.0,Greenwich,6637,75358,1948,67,617,,Active,September-15-2024 01:00 PM,September-15-2024 03:00 PM,https://www.redfin.com/CT/Greenwich/100-Pecksland-Rd-06831/home/107030000,Smart MLS,24029495,N,Y,41.0505936,-73.6558054
MLS Listing,,Single Family Residential,4 S Stanwich Rd,Greenwich,CT,06831,2199000,4,4.5,Stanwich,3326,174544,1958,68,661,,Active,,,https://www.redfin.com/CT/Greenwich/4-S-Stanwich-Rd-06831/home/107012584,Smart MLS,24027175,N,Y,41.1068489,-73.6297827
MLS Listing,,Single Family Residential,6 Dunwoodie Pl,Greenwich,CT,06830,2350000,5,5.5,3 - Greenwich,5891,89298,1966,68,399,,Active,,,https://www.redfin.com/CT/Greenwich/6-Dunwoodie-Pl-06830/home/107026519,GMLS,120888,N,Y,41.0774123,-73.6088682
MLS Listing,,Single Family Residential,543 Stanwich Rd,Greenwich,CT,06831,17495000,7,10.0,3 - Greenwich,17408,174240,2021,70,1005,,Active,,,https://www.redfin.com/CT/Greenwich/543-Stanwich-Rd-06831/home/107028585,GMLS,120903,N,Y,41.1062938,-73.6139051
MLS Listing,,Single Family Residential,97 Lockwood Rd,Greenwich,CT,06878,4995000,6,7.0,Riverside,6710,13939,2024,70,744,,Active,,,https://www.redfin.com/CT/Riverside/97-Lockwood-Rd-06878/home/107011586,Smart MLS,24025162,N,Y,41.0378,-73.5796215
MLS Listing,,Condo/Co-op,351 Pemberwick Rd #109,Greenwich,CT,06831,440000,1,1.0,3 - Greenwich,673,,1990,71,654,,Active,,,https://www.redfin.com/CT/Greenwich/351-Pemberwick-Rd-06831/unit-109/home/107030790,GMLS,120897,N,Y,41.0363019,-73.66487
MLS Listing,,Single Family Residential,14 Dewart Rd,Greenwich,CT,06830,13995000,6,8.0,3 - Greenwich,11678,94525,2025,71,1198,,Active,,,https://www.redfin.com/CT/Greenwich/14-Dewart-Rd-06830/home/107029919,GMLS,120896,N,Y,41.0849016,-73.6325336
MLS Listing,,Single Family Residential,2 Stormy Circle Dr,Greenwich,CT,06830,2199000,3,5.0,3 - Greenwich,4954,17424,1990,71,444,67,Active,,,https://www.redfin.com/CT/Greenwich/2-Stormy-Circle-Dr-06830/home/107022157,GMLS,120894,N,Y,41.0017683,-73.6505396
MLS Listing,,Condo/Co-op,414 W Lyon Farm Dr #414,Greenwich,CT,06831,1885000,4,3.0,Glenville,2480,,1977,71,760,817,Active,,,https://www.redfin.com/CT/Greenwich/414-W-Lyon-Farm-Dr-06831/unit-414/home/171038666,Smart MLS,24026687,N,Y,41.0243137,-73.6568921
MLS Listing,,Condo/Co-op,203 S Water St Unit A,Greenwich,CT,06830,999000,3,3.5,3 - Greenwich,2758,10454,2008,71,362,33,Active,September-8-2024 01:00 PM,September-8-2024 03:00 PM,https://www.redfin.com/CT/Greenwich/203-S-Water-St-06830/unit-A/home/146892698,GMLS,120862,N,Y,40.9968355,-73.6584728
MLS Listing,,Condo/Co-op,203 S Water St,Greenwich,CT,06830,999000,3,3.5,Byram,2758,,2008,72,362,400,Active,September-8-2024 01:00 PM,September-8-2024 03:00 PM,https://www.redfin.com/CT/Greenwich/203-S-Water-St-06830/home/107024691,Smart MLS,24027728,N,Y,40.9968359,-73.6584722
MLS Listing,,Single Family Residential,3 Finney Knoll Ln,Call Listing Agent,CT,06878,3495000,4,3.5,Call Listing Agent,4300,9583,2024,72,813,,Active,,,https://www.redfin.com/CT/Riverside/3-Finney-Knoll-Ln-06878/home/107029189,OneKey® MLS as Distributed by MLS Grid,H6314914,N,Y,41.0420507,-73.5864109
MLS Listing,,Single Family Residential,,Greenwich,CT,06831,5995000,6,8.0,,7738,174240,1984,73,775,,Active,,,https://www.redfin.com/CT/Greenwich/Undisclosed-address-06831/home/107012304,GMLS,120873,N,Y,41.1048114,-73.6507236
MLS Listing,,Single Family Residential,66 Sumner Rd,Greenwich,CT,06831,3750000,4,5.5,3 - Greenwich,5479,183823,1979,74,684,,Active,September-8-2024 12:00 PM,September-8-2024 02:00 PM,https://www.redfin.com/CT/Greenwich/66-Sumner-Rd-06831/home/107013691,GMLS,120871,N,Y,41.1215314,-73.6772122
MLS Listing,,Single Family Residential,323 Riverside Ave,Riverside,CT,06878,1595000,4,2.5,1 - Riverside,2351,12196,1976,76,678,,Active,,,https://www.redfin.com/CT/Riverside/323-Riverside-Ave-06878/home/107027739,GMLS,120859,N,Y,41.0292882,-73.5739026
MLS Listing,,Vacant Land,25 Upper Cross Rd,Greenwich,CT,06831,4995000,0,,3 - Greenwich,,477417,,77,,,Active,,,https://www.redfin.com/CT/Greenwich/25-Upper-Cross-Rd-06831/home/107019857,GMLS,120850,N,Y,41.127299,-73.6406049
MLS Listing,,Single Family Residential,7 Cherry Blossom Ln,Greenwich,CT,06831,6895000,6,7.5,3 - Greenwich,10676,87991,2024,79,646,,Active,,,https://www.redfin.com/CT/Greenwich/7-Cherry-Blossom-Ln-06831/home/107024953,GMLS,120777,N,Y,41.139151,-73.6322
MLS Listing,,Single Family Residential,9 Mavis Ln,Greenwich,CT,06830,2149000,3,2.0,3 - Greenwich,2081,90604,1952,84,1033,,Active,,,https://www.redfin.com/CT/Greenwich/9-Mavis-Ln-06830/home/107014715,GMLS,120808,N,Y,41.0897686,-73.6285781
MLS Listing,,Single Family Residential,17 Maple Dr,Greenwich,CT,06870,1999995,4,3.5,Old Greenwich,2000,6534,2024,84,1000,,Active,September-8-2024 01:00 PM,September-8-2024 03:00 PM,https://www.redfin.com/CT/Old-Greenwich/17-Maple-Dr-06870/home/107019687,Smart MLS,24018023,N,Y,41.0433769,-73.5696499
MLS Listing,,Vacant Land,24 S Baldwin Farms,Greenwich,CT,06831,4900000,,,3 - Greenwich,,195148,,84,,,Active,,,https://www.redfin.com/CT/Greenwich/24-Baldwin-Farms-S-06831/home/107029683,GMLS,120805,N,Y,41.079528,-73.654689
MLS Listing,,Single Family Residential,201 Cognewaugh Rd,Cos Cob,CT,06807,2995000,5,5.0,4 - Cos Cob,5820,87120,1870,87,515,,Active,,,https://www.redfin.com/CT/Cos-Cob/201-Cognewaugh-Rd-06807/home/107029700,GMLS,120512,N,Y,41.0675108,-73.5862805
MLS Listing,,Condo/Co-op,62 Mason St Unit PHW,Greenwich,CT,06830,4500000,3,3.0,3 - Greenwich,1750,10454,2022,87,2571,,Active,,,https://www.redfin.com/CT/Greenwich/62-Mason-St-06830/unit-PHW/home/191094556,GMLS,120764,N,Y,41.0300129,-73.6250505
MLS Listing,,Single Family Residential,21 Dempsey Ln,Greenwich,CT,06830,4500000,7,6.0,3 - Greenwich,7328,92782,1957,88,614,,Active,,,https://www.redfin.com/CT/Greenwich/21-Dempsey-Ln-06830/home/107019248,GMLS,120759,N,Y,41.0790449,-73.6274512
MLS Listing,,Single Family Residential,40 Upland Dr,Greenwich,CT,06831,5995000,6,6.5,3 - Greenwich,7529,66646,2002,90,796,133,Active,,,https://www.redfin.com/CT/Greenwich/40-Upland-Dr-06831/home/107030816,GMLS,120202,N,Y,41.0289101,-73.6440245
MLS Listing,,Single Family Residential,16 Dandy Dr,Greenwich,CT,06807,2275000,4,4.0,Cos Cob,4952,27007,1957,91,459,,Active,,,https://www.redfin.com/CT/Cos-Cob/16-Dandy-Dr-06807/home/107014801,Smart MLS,24017250,N,Y,41.0498518,-73.5887885
MLS Listing,,Single Family Residential,766 Lake Ave,Greenwich,CT,06830,5095000,6,8.0,Greenwich,9857,211265,1978,91,517,3824,Active,,,https://www.redfin.com/CT/Greenwich/766-Lake-Ave-06830/home/107026128,Smart MLS,24023764,N,Y,41.0869078,-73.6477802
MLS Listing,,Single Family Residential,46 Laddins Rock Rd,Greenwich,CT,06870,1395000,5,3.0,Old Greenwich,2778,11761,1939,92,502,,Active,September-8-2024 01:00 PM,September-8-2024 03:00 PM,https://www.redfin.com/CT/Old-Greenwich/46-Laddins-Rock-Rd-06870/home/107017401,Smart MLS,24023585,N,Y,41.041452,-73.5684678
MLS Listing,,Single Family Residential,"36, 38, 0 Game Cock Rd",Greenwich,CT,06830,25000000,7,5.5,3 - Greenwich,6166,50094,1936,92,4054,,Active,,,https://www.redfin.com/CT/Greenwich/36-Game-Cock-Rd-06830/home/107023589,GMLS,120739,N,Y,41.0021155,-73.6469178
MLS Listing,,Single Family Residential,29 Lockwood Dr,Old Greenwich,CT,06870,5095000,5,5.5,2 - Old Greenwich,4286,11761,2016,92,1189,,Active,,,https://www.redfin.com/CT/Old-Greenwich/29-Lockwood-Dr-06870/home/107015364,GMLS,120731,N,Y,41.0263068,-73.5693739
MLS Listing,,Single Family Residential,149 John St,Greenwich,CT,06831,3495000,4,3.5,Back Country,4149,174240,1855,94,842,,Active,,,https://www.redfin.com/CT/Greenwich/149-John-St-06831/home/107025030,Smart MLS,24022820,N,Y,41.096499,-73.690562
MLS Listing,,Single Family Residential,14 Zaccheus Mead Ln,Greenwich,CT,06831,6900000,7,4.0,3 - Greenwich,6636,340203,1906,95,1040,,Active,,,https://www.redfin.com/CT/Greenwich/14-Zaccheus-Mead-Ln-06831/home/107023284,GMLS,120714,N,Y,41.035747,-73.640658
MLS Listing,,Condo/Co-op,54 Valley Rd Unit B,Cos Cob,CT,06807,1635000,3,4.0,4 - Cos Cob,3635,13068,2005,95,450,63,Active,,,https://www.redfin.com/CT/Cos-Cob/54-Valley-Rd-06807/unit-B/home/107025742,GMLS,120704,N,Y,41.0429918,-73.5932594
MLS Listing,,Single Family Residential,125 Bowman Dr,Greenwich,CT,06831,1799000,6,4.0,3 - Greenwich,2975,51836,1823,95,605,4,Active,,,https://www.redfin.com/CT/Greenwich/125-Bowman-Dr-06831/home/107013996,GMLS,120703,N,Y,41.0482609,-73.682336
MLS Listing,,Single Family Residential,472 N Maple Ave,Greenwich,CT,06830,4295000,3,3.5,3 - Greenwich,4155,49658,1956,98,1034,,Active,,,https://www.redfin.com/CT/Greenwich/472-N-Maple-Ave-06830/home/107012035,GMLS,120688,N,Y,41.047527,-73.6348493
MLS Listing,,Single Family Residential,176 Shore Rd,Old Greenwich,CT,06870,7750000,6,7.5,2 - Old Greenwich,7706,23522,2012,98,1006,,Active,,,https://www.redfin.com/CT/Old-Greenwich/176-Shore-Rd-06870/home/107023080,GMLS,120681,N,Y,41.0173574,-73.564704
MLS Listing,,Single Family Residential,490 North St,Greenwich,CT,06830,4795000,5,7.5,3 - Greenwich,6725,43560,2002,99,713,,Active,,,https://www.redfin.com/CT/Greenwich/490-North-St-06830/home/107015437,GMLS,120664,N,Y,41.0737388,-73.6231276
MLS Listing,,Condo/Co-op,14 William Street West,Greenwich,CT,06830,1450000,3,3.5,3 - Greenwich,3149,,2024,99,460,,Active,,,https://www.redfin.com/CT/Greenwich/14-William-St-06830/home/146893799,GMLS,120653,N,Y,41.0339444,-73.628534
MLS Listing,,Condo/Co-op,59 Locust St Unit A,Greenwich,CT,06830,3995000,5,6.5,Greenwich,4570,,2025,100,874,500,Active,,,https://www.redfin.com/CT/Greenwich/59-Locust-St-06830/unit-A/home/171164951,Smart MLS,24020449,N,Y,41.0249332,-73.6204737
MLS Listing,,Condo/Co-op,59 Locust St Unit B,Greenwich,CT,06830,3995000,5,6.5,Greenwich,4649,,2025,100,859,500,Active,,,https://www.redfin.com/CT/Greenwich/59-Locust-St-06830/unit-B/home/171170506,Smart MLS,24020451,N,Y,41.0249332,-73.6204737
MLS Listing,,Condo/Co-op,57 Locust St Unit A,Greenwich,CT,06830,3995000,5,6.5,Greenwich,4577,,2025,100,873,500,Active,,,https://www.redfin.com/CT/Greenwich/57-Locust-St-06830/unit-A/home/146893168,Smart MLS,24020452,N,Y,41.0250521,-73.6202467
MLS Listing,,Condo/Co-op,57 Locust St Unit B,Greenwich,CT,06830,3995000,5,6.5,Greenwich,4436,,2025,100,901,500,Active,,,https://www.redfin.com/CT/Greenwich/57-Locust-St-06830/unit-B/home/146893413,Smart MLS,24020453,N,Y,41.0250521,-73.6202467
MLS Listing,,Single Family Residential,17 Alden Rd,Greenwich,CT,06831,5250000,5,5.5,3 - Greenwich,7993,102366,1930,101,657,,Active,,,https://www.redfin.com/CT/Greenwich/17-Alden-Rd-06831/home/107022475,GMLS,120613,N,Y,41.0236012,-73.6475962
MLS Listing,,Single Family Residential,255 Valley Rd,Greenwich,CT,06807,1350000,3,3.0,Cos Cob,1763,11761,1848,102,766,,Active,,,https://www.redfin.com/CT/Cos-Cob/255-Valley-Rd-06807/home/107022763,Smart MLS,24019985,N,Y,41.0555585,-73.5850621
MLS Listing,,Single Family Residential,11 Vineyard Ln,Greenwich,CT,06831,9995000,7,7.0,3 - Greenwich,10360,211266,1930,102,965,,Active,,,https://www.redfin.com/CT/Greenwich/11-Vineyard-Ln-06831/home/107021239,GMLS,120636,N,Y,41.0469131,-73.6453886
MLS Listing,,Single Family Residential,50 N Old Stone Bridge Rd,Cos Cob,CT,06807,2650000,4,3.5,4 - Cos Cob,3964,43560,1978,105,669,,Active,,,https://www.redfin.com/CT/Cos-Cob/50-Old-Stone-Bridge-Rd-06807/home/107023733,GMLS,120573,N,Y,41.0665608,-73.5917557
MLS Listing,,Condo/Co-op,140 Field Point Rd #33,Greenwich,CT,06830,950000,3,2.0,3 - Greenwich,1415,,1973,107,671,,Active,,,https://www.redfin.com/CT/Greenwich/140-Field-Point-Rd-06830/unit-33/home/107020637,GMLS,120602,N,Y,41.0238971,-73.6316828
MLS Listing,,Single Family Residential,530 Round Hill Rd,Greenwich,CT,06831,13000000,6,6.5,3 - Greenwich,6943,606790,1937,109,1872,,Active,,,https://www.redfin.com/CT/Greenwich/530-Round-Hill-Rd-06831/home/107026939,GMLS,120576,N,Y,41.112181,-73.668824
MLS Listing,,Single Family Residential,30 Brookridge Dr,Greenwich,CT,06830,6000000,4,5.0,3 - Greenwich,4972,188179,1917,112,1207,,Active,,,https://www.redfin.com/CT/Greenwich/30-Brookridge-Dr-06830/home/107027148,GMLS,120575,N,Y,41.0406841,-73.6082472
MLS Listing,,Single Family Residential,87 Dingletown Rd,Greenwich,CT,06830,4395000,6,6.0,3 - Greenwich,5863,98445,1970,112,750,,Active,,,https://www.redfin.com/CT/Greenwich/87-Dingletown-Rd-06830/home/107019937,GMLS,120568,N,Y,41.0773415,-73.6111452
MLS Listing,,Single Family Residential,5 & 7 John St,Greenwich,CT,06831,28500000,4,14.0,3 - Greenwich,,650786,1937,113,,,Active,,,https://www.redfin.com/CT/Greenwich/5-John-St-06831/home/107014436,GMLS,120564,N,Y,41.1048942,-73.6697626
MLS Listing,,Single Family Residential,29 Field Point Dr,Greenwich,CT,06830,7950000,4,6.0,3 - Greenwich,6690,49222,1925,113,1188,,Active,,,https://www.redfin.com/CT/Greenwich/29-Field-Point-Dr-06830/home/107017735,GMLS,120562,N,Y,41.0085539,-73.6327866
MLS Listing,,Single Family Residential,17 Bramble Ln,Riverside,CT,06878,4995000,6,7.0,1 - Riverside,5991,12632,2024,114,834,,Active,,,https://www.redfin.com/CT/Riverside/17-Bramble-Ln-06878/home/107024760,GMLS,120557,N,Y,41.0347102,-73.5806916
MLS Listing,,Single Family Residential,61 Byram Shore Rd,Greenwich,CT,06830,11500000,7,6.5,3 - Greenwich,8000,30492,1920,116,1438,,Active,,,https://www.redfin.com/CT/Greenwich/61-Byram-Shore-Rd-06830/home/107025626,GMLS,120528,N,Y,40.9991076,-73.648608
MLS Listing,,Single Family Residential,1 Deer Ln,Greenwich,CT,06830,9750000,6,8.5,3 - Greenwich,12953,81021,2013,119,753,,Active,,,https://www.redfin.com/CT/Greenwich/1-Deer-Ln-06830/home/107021625,GMLS,120445,N,Y,41.0455054,-73.6351783
MLS Listing,,Single Family Residential,375 Round Hill Rd,Greenwich,CT,06831,6995000,7,7.0,Greenwich,9616,87991,1846,120,727,,Active,,,https://www.redfin.com/CT/Greenwich/375-Round-Hill-Rd-06831/home/107013635,OneKey® MLS as Distributed by MLS Grid,H6306177,N,Y,41.0931397,-73.6674633
MLS Listing,,Vacant Land,18 Grigg St,Greenwich,CT,06830,2695000,0,,3 - Greenwich,1493,7405,1833,120,1805,,Active,,,https://www.redfin.com/CT/Greenwich/18-Grigg-St-06830/home/107028326,GMLS,120501,N,Y,41.0229263,-73.6258357
MLS Listing,,Single Family Residential,33 Meadow Wood Dr,Greenwich,CT,06830,9500000,6,5.5,3 - Greenwich,5040,168577,1976,120,1885,851,Active,,,https://www.redfin.com/CT/Greenwich/33-Meadow-Wood-Dr-06830/home/107017756,GMLS,120494,N,Y,41.0102413,-73.6406975
MLS Listing,,Single Family Residential,49 Cutler Rd,Greenwich,CT,06831,6950000,6,6.5,Back Country,10150,188614,2024,122,685,,Active,,,https://www.redfin.com/CT/Greenwich/49-Cutler-Rd-06831/home/107022715,Smart MLS,24015944,N,Y,41.1008914,-73.7075825
MLS Listing,,Multi-Family (2-4 Unit),56 Ritch Ave W,Greenwich,CT,06830,1350000,6,3.0,Byram,3950,27442,1883,122,342,,Active,,,https://www.redfin.com/CT/Greenwich/56-Ritch-Ave-W-06830/home/107021116,Smart MLS,24015976,N,Y,41.0054075,-73.6479813
MLS Listing,,Single Family Residential,7 John St,Greenwich,CT,06831,34500000,10,14.0,3 - Greenwich,15820,958320,1937,122,2181,,Active,,,https://www.redfin.com/CT/Greenwich/7-John-St-06831/home/107028367,GMLS,120468,N,Y,41.106971,-73.670378
MLS Listing,,Single Family Residential,159 Bedford Rd,Greenwich,CT,06831,2950000,4,5.5,3 - Greenwich,4409,179031,1957,123,669,,Active,,,https://www.redfin.com/CT/Greenwich/159-Bedford-Rd-06831/home/107028078,GMLS,120466,N,Y,41.101579,-73.7030375
MLS Listing,,Single Family Residential,200 Clapboard Ridge Rd,Greenwich,CT,06831,15500000,6,8.5,3 - Greenwich,10422,354578,1934,126,1487,914,Active,,,https://www.redfin.com/CT/Greenwich/200-Clapboard-Ridge-Rd-06831/home/107022624,GMLS,120449,N,Y,41.070495,-73.6507169
MLS Listing,,Single Family Residential,33 Byram Shore Rd,Greenwich,CT,06830,6999000,6,4.5,Byram,4010,15171,1900,127,1745,,Active,,,https://www.redfin.com/CT/Greenwich/33-Byram-Shore-Rd-06830/home/107028785,Smart MLS,24014075,N,Y,41.0009497,-73.648377
MLS Listing,,Single Family Residential,1035 North St,Greenwich,CT,06831,1700000,3,3.0,Banksville,3023,16988,1852,127,562,,Active,,,https://www.redfin.com/CT/Greenwich/1035-North-St-06831/home/107022411,Smart MLS,24012282,N,Y,41.1402259,-73.6396626
MLS Listing,,Single Family Residential,75 Dearfield Dr,Greenwich,CT,06831,3695000,5,4.5,3 - Greenwich,4502,39639,1924,129,821,,Active,,,https://www.redfin.com/CT/Greenwich/75-Dearfield-Dr-06831/home/107030866,GMLS,120380,N,Y,41.0318729,-73.6321715
MLS Listing,,Single Family Residential,152 Valley Rd,Call Listing Agent,CT,06807,1365000,4,3.0,Call Listing Agent,2100,,1970,133,650,,Active,,,https://www.redfin.com/CT/Cos-Cob/152-Valley-Rd-06807/home/107014600,OneKey® MLS as Distributed by MLS Grid,H6298868,N,Y,41.0491308,-73.5880524
MLS Listing,,Vacant Land,958 Lake Ave,Greenwich,CT,06831,9495000,5,6.5,3 - Greenwich,4847,551469,1983,133,1959,,Active,,,https://www.redfin.com/CT/Greenwich/958-Lake-Ave-06831/home/107025533,GMLS,120386,N,Y,41.1123837,-73.6564263
MLS Listing,,Single Family Residential,8 Park Ave,Greenwich,CT,06830,3450000,3,2.5,3 - Greenwich,2916,16988,1918,134,1183,,Active,,,https://www.redfin.com/CT/Greenwich/8-Park-Ave-06830/home/185915092,GMLS,120329,N,Y,41.0372595,-73.6210808
MLS Listing,,Single Family Residential,96 Porchuck Rd,Greenwich,CT,06831,6888000,5,6.5,Back Country,6000,189485,2022,135,1148,,Active,,,https://www.redfin.com/CT/Greenwich/96-Porchuck-Rd-06831/home/107020109,Smart MLS,24012118,N,Y,41.078355,-73.675953
MLS Listing,,Single Family Residential,30 Field Point Dr,Greenwich,CT,06830,30000000,11,10.0,3 - Greenwich,18068,277912,1900,135,1660,,Active,,,https://www.redfin.com/CT/Greenwich/30-Field-Point-Dr-06830/home/107013686,GMLS,120358,N,Y,41.0069285,-73.6326946
MLS Listing,,Single Family Residential,528 Field Point Rd,Greenwich,CT,06830,6450000,6,6.0,3 - Greenwich,7554,58806,1929,137,854,,Active,,,https://www.redfin.com/CT/Greenwich/528-Field-Point-Rd-06830/home/107016075,GMLS,120348,N,Y,41.0088307,-73.6320507
MLS Listing,,Single Family Residential,188 Round Hill Rd,Greenwich,CT,06831,10995000,7,7.0,3 - Greenwich,6966,479160,1948,142,1578,,Active,,,https://www.redfin.com/CT/Greenwich/188-Round-Hill-Rd-06831/home/107023499,GMLS,120301,N,Y,41.0691466,-73.6565401
MLS Listing,,Condo/Co-op,362 Davis Ave #3,Greenwich,CT,06830,2250000,3,3.5,Greenwich,2748,,2003,144,819,400,Active,,,https://www.redfin.com/CT/Greenwich/362-Davis-Ave-06830/unit-3/home/107019463,Smart MLS,24007623,N,Y,41.021635,-73.6171609
MLS Listing,,Single Family Residential,4 Cherry Blossom Ln,Greenwich,CT,06831,8950000,7,10.0,3 - Greenwich,16802,98881,2006,147,533,,Active,,,https://www.redfin.com/CT/Greenwich/4-Cherry-Blossom-Ln-06831/home/107029035,GMLS,120259,N,Y,41.139468,-73.632687
MLS Listing,,Single Family Residential,88 Henry St,Greenwich,CT,06830,780000,3,1.5,3 - Greenwich,1124,5227,1900,149,694,,Active,,,https://www.redfin.com/CT/Greenwich/88-Henry-St-06830/home/107031855,GMLS,120236,N,Y,41.0062747,-73.655575
MLS Listing,,Single Family Residential,314 Stanwich Rd,Greenwich,CT,06830,6650000,4,5.0,3 - Greenwich,7958,135907,2004,153,836,,Active,,,https://www.redfin.com/CT/Greenwich/314-Stanwich-Rd-06830/home/107019494,GMLS,120211,N,Y,41.0808837,-73.6027042
MLS Listing,,Single Family Residential,230 Taconic Rd,Greenwich,CT,06831,8850000,6,8.5,3 - Greenwich,10796,204296,2005,155,820,,Active,,,https://www.redfin.com/CT/Greenwich/230-Taconic-Rd-06831/home/107011896,GMLS,120200,N,Y,41.1103885,-73.617424
MLS Listing,,Single Family Residential,120 Oneida Dr,Greenwich,CT,06830,13995000,5,7.5,3 - Greenwich,9879,37026,2015,155,1417,,Active,,,https://www.redfin.com/CT/Greenwich/120-Oneida-Dr-06830/home/107014650,GMLS,120190,N,Y,41.0199758,-73.6147561
MLS Listing,,Single Family Residential,88 Cedar Cliff Rd,Riverside,CT,06878,15495000,7,9.5,1 - Riverside,9416,77101,2008,163,1646,38,Active,,,https://www.redfin.com/CT/Riverside/88-Cedar-Cliff-Rd-06878/home/107030101,GMLS,120121,N,Y,41.0160377,-73.5849701
MLS Listing,,Single Family Residential,23 Pleasant St,Riverside,CT,06878,2195000,4,2.5,1 - Riverside,3291,8712,2000,168,667,,Active,,,https://www.redfin.com/CT/Riverside/23-Pleasant-St-06878/home/107011321,GMLS,120096,N,Y,41.03943,-73.582144
MLS Listing,,Condo/Co-op,25 W Elm St #56,Greenwich,CT,06830,999000,2,1.0,3 - Greenwich,969,,1938,172,1031,,Active,,,https://www.redfin.com/CT/Greenwich/25-W-Elm-St-06830/unit-56/home/107014786,GMLS,120071,N,Y,41.0270437,-73.6273803
MLS Listing,,Single Family Residential,33 Byram Dr,Greenwich,CT,06830,13250000,6,7.0,3 - Greenwich,8478,46173,1894,182,1563,713,Active,,,https://www.redfin.com/CT/Greenwich/33-Byram-Dr-06830/home/107026622,GMLS,120015,N,Y,41.0070336,-73.6392257
MLS Listing,,Vacant Land,549 Round Hill Rd,Greenwich,CT,06831,4500000,1,1.0,3 - Greenwich,1092,323215,1952,182,4121,,Active,,,https://www.redfin.com/CT/Greenwich/549-Round-Hill-Rd-06831/home/107014451,GMLS,120013,N,Y,41.1156352,-73.6656238
MLS Listing,,Single Family Residential,545 Indian Field Rd,Greenwich,CT,06830,49500000,6,7.0,Greenwich,12492,69696,1928,183,3963,,Active,,,https://www.redfin.com/CT/Greenwich/545-Indian-Field-Rd-06830/home/107020973,Smart MLS,170624382,N,Y,41.016213,-73.6047282
MLS Listing,,Single Family Residential,101&103 Old Mill Rd,Greenwich,CT,06831,6500000,7,7.0,3 - Greenwich,9937,348480,1800,184,654,,Active,,,https://www.redfin.com/CT/Greenwich/101-Old-Mill-Rd-06831/home/107027396,GMLS,119647,N,Y,41.0939899,-73.6564263
MLS Listing,,Single Family Residential,9 Stuart Dr,Greenwich,CT,06870,1149000,4,1.5,Old Greenwich,1481,10018,1963,186,776,,Active,,,https://www.redfin.com/CT/Old-Greenwich/9-Stuart-Dr-06870/home/107030805,Smart MLS,24000472,N,Y,41.0501889,-73.5677176
MLS Listing,,Single Family Residential,97 Pecksland Rd,Greenwich,CT,06831,28500000,10,16.5,Greenwich,17878,833738,2009,186,1594,,Active,,,https://www.redfin.com/CT/Greenwich/97-Pecksland-Rd-06831/home/107016160,Smart MLS,24000124,N,Y,41.0517921,-73.6590546
MLS Listing,,Vacant Land,45 Sunshine Ave,Riverside,CT,06878,1500000,,,1 - Riverside,,17424,,192,,,Active,,,https://www.redfin.com/CT/Riverside/45-Sunshine-Ave-06878/home/189913691,GMLS,119923,N,Y,41.0486233,-73.5773258
MLS Listing,,Vacant Land,1357 King St,Greenwich,CT,06831,1995000,,,Back Country,,78408,,207,,,Active,,,https://www.redfin.com/CT/Greenwich/1357-King-St-06831/home/107030299,Smart MLS,170623421,N,Y,41.0827318,-73.7091802
MLS Listing,,Single Family Residential,1 Windrose Way,Greenwich,CT,06830,14500000,5,6.0,3 - Greenwich,9054,87120,1979,218,1602,,Active,,,https://www.redfin.com/CT/Greenwich/1-Windrose-Way-06830/home/107013292,GMLS,119768,N,Y,41.0144844,-73.6102482
MLS Listing,,Condo/Co-op,19 Church St W #3,Greenwich,CT,06830,425000,3,2.0,Byram,1178,,1909,249,361,421,Active,,,https://www.redfin.com/CT/Greenwich/19-Church-St-W-06830/unit-3/home/107028764,Smart MLS,170615936,N,Y,41.0024225,-73.6577691
MLS Listing,,Single Family Residential,969 North St,Greenwich,CT,06831,7900000,9,10.5,3 - Greenwich,9384,192970,2003,266,842,,Active,,,https://www.redfin.com/CT/Greenwich/969-North-St-06831/home/107025648,GMLS,119588,N,Y,41.1351466,-73.6393637
MLS Listing,,Vacant Land,105 Glenville St,Greenwich,CT,06831,884000,3,2.0,3 - Greenwich,1713,14374,1956,305,516,,Active,,,https://www.redfin.com/CT/Greenwich/105-Glenville-St-06831/home/107014738,GMLS,119449,N,Y,41.0332868,-73.671625
MLS Listing,,Single Family Residential,17 Highland Farm Rd,Greenwich,CT,06831,1899000,4,3.5,3 - Greenwich,3033,214315,1957,310,626,,Active,,,https://www.redfin.com/CT/Greenwich/17-Highland-Farm-Rd-06831/home/107027577,GMLS,119423,N,Y,41.1036885,-73.6623818
MLS Listing,,Single Family Residential,27 Weston Hill Rd,Riverside,CT,06878,5495000,6,6.0,1 - Riverside,6607,13503,2023,317,832,,Active,,,https://www.redfin.com/CT/Riverside/27-Weston-Hill-Rd-06878/home/107028361,GMLS,119382,N,Y,41.0303284,-73.5740545
MLS Listing,,Single Family Residential,65 Upper Cross Rd,Greenwich,CT,06831,24995000,6,8.5,3 - Greenwich,19950,953964,1997,336,1253,1590,Active,,,https://www.redfin.com/CT/Greenwich/65-Upper-Cross-Rd-06831/home/107019923,GMLS,119274,N,Y,41.1280997,-73.6466074
MLS Listing,,Single Family Residential,Creamer Hill Rd,Greenwich,CT,06831,24750000,6,8.5,3 - Greenwich,14296,3547962,2000,353,1731,475,Active,,,https://www.redfin.com/CT/Greenwich/0-Creamer-Hill-Rd-06831/home/187656197,GMLS,119165,N,Y,41.1247613,-73.6691578
MLS Listing,,Single Family Residential,50 Dingletown Rd,Greenwich,CT,06830,16900000,5,8.0,3 - Greenwich,13825,321037,1900,360,1222,,Active,,,https://www.redfin.com/CT/Greenwich/50-Dingletown-Rd-06830/home/107019546,GMLS,119120,N,Y,41.0744746,-73.616596
MLS Listing,,Single Family Residential,7 Cobb Island Dr,Greenwich,CT,06830,18500000,6,6.5,Greenwich,6404,182952,1962,364,2889,,Active,,,https://www.redfin.com/CT/Greenwich/7-Cobb-Island-Dr-06830/home/107030385,Smart MLS,170596857,N,Y,41.0235555,-73.6029802
MLS Listing,,Single Family Residential,24 Nutmeg Dr,Greenwich,CT,06831,2950000,4,5.5,Greenwich,4586,92347,1965,420,643,,Active,,,https://www.redfin.com/CT/Greenwich/24-Nutmeg-Dr-06831/home/107027108,OneKey® MLS as Distributed by MLS Grid,H6259852,N,Y,41.0552396,-73.680684
MLS Listing,,Single Family Residential,646 Riversville Rd,Greenwich,CT,06831,2500000,5,4.5,3 - Greenwich,5176,217800,1953,812,483,,Active,,,https://www.redfin.com/CT/Greenwich/646-Riversville-Rd-06831/home/107018418,GMLS,116148,N,Y,41.1008373,-73.6914668
MLS Listing,,Condo/Co-op,7 River Rd Unit Boat Slip H3,Cos Cob,CT,06807,98000,0,,4 - Cos Cob,,,,841,,14,Active,,,https://www.redfin.com/CT/Cos-Cob/7-River-Rd-06807/unit-Boat-Slip-H3/home/187444692,GMLS,115837,N,Y,41.065499,-73.57933
MLS Listing,,Vacant Land,960 Lake Ave,Greenwich,CT,06831,5999999,,,3 - Greenwich,,377229,,858,,,Active,,,https://www.redfin.com/CT/Greenwich/960-Lake-Ave-06831/home/107025985,GMLS,115509,N,Y,41.112291,-73.6578979
MLS Listing,,Single Family Residential,75 Mason St,Greenwich,CT,06830,6150000,4,2.0,3 - Greenwich,5889,17424,1905,1254,1044,,Active,,,https://www.redfin.com/CT/Greenwich/75-Mason-St-06830/home/174805223,GMLS,112656,N,Y,41.0298886,-73.6242085
